idcomplete,Check_in_complete,time_complete,Costumer_Name_complete,Service_Rendered_complete,price_complete,Emplooyee_Assigned_complete,created_at
13,234235,23532,fnt,vbcnd,234,dgbsd,"2024-03-09 12:07:02"
14,234235,23532,fnt,vbcnd,234,dgbsd,"2024-03-09 12:07:02"
15,123,750,phillip,"valve lapping",550,troy,"2024-03-09 12:07:02"
16,4353,344363,dfgdfh,dfhdf,68,dfgf,"2024-03-09 12:07:02"
17,213,1234,sfqw,safasf,214,sdwad,"2024-03-09 12:07:02"
18,435,7685,sdgd,sdgdg,437,wesdg,"2024-03-09 12:07:02"
19,234235,23532,fnt,vbcnd,234,dgbsd,"2024-03-09 12:07:02"
20,34,234,wqeqw,ewr,342,dsfsd,"2024-03-09 12:07:02"
21,436,32452,sdgbdf,dvsd,436,dssdfs,"2024-03-09 12:07:02"
22,235423,34234,dgdf,dsgs,325,cxbdf,"2024-03-09 12:07:02"
23,324,324,sdvsd,sdvsdd,3253,"sdvsd ","2024-03-09 12:07:02"
24,1241,1241,dsgdv,sdfsd,3432,sdfs,"2024-03-09 12:07:02"
25,2134326,236436,dbdsfb,sdgsd,3463,sdgsb,"2024-03-09 12:07:02"
26,234,234,dsg,dfgdfg,325,dsfes,"2024-03-09 12:07:02"
27,24546,5474,sdbsfb,dfhdg,656,bsfdgs,"2024-03-09 12:07:02"
28,253463,2463,sdgsbfb,dfhd,3574,dfg,"2024-03-09 12:07:02"
29,2342,23423,sdgf,sdfsd,3252,sdvds,"2024-03-09 12:07:02"
30,345,34745,sdfng,dfbngf,457,dfb,"2024-03-09 12:07:02"
31,667,766,dfh,dfg,463,sdgs,"2024-03-09 12:07:02"
32,23423,3242,sdfdsftj,"cbdtjg d",437,"dsvsb ","2024-03-09 12:07:02"
33,346,547,fbdfh,dfg,54745,dgsfgs,"2024-03-09 12:07:02"
34,2315236,23635634,dfhtjgd,sdghdfjd,43578,fdhkryk,"2024-03-09 12:07:02"
35,235,234,rdg,dfd,457,dfgdf,"2024-03-09 12:07:02"
36,2352,23523,dfhf,dfhd,357,dgfdh,"2024-03-09 12:07:02"
37,1234,54645,dfhdbg,sdgs,2343643,sdvdvs,"2024-03-09 12:07:02"
38,24643,54745,dffdbd,436,4574,dsd,"2024-03-09 12:07:02"
39,1234,54645,dfhdbg,sdgs,2343643,sdvdvs,"2024-03-09 12:07:02"
40,5473,345634,dfhdf,dfgdf,457,fhd,"2024-03-09 12:07:02"
41,5653,36654,fhdhdf,dfgdfg,4568,dbdfcvb,"2024-03-09 12:07:02"
42,357,5464,sdgdf,dfgd,456,dfdf,"2024-03-09 12:07:02"
43,357,5464,sdgdf,dfgd,456,dfdf,"2024-03-09 12:07:02"
44,3463,3463,sdghfdh,dfgdf,3463,dgsgh,"2024-03-09 12:07:02"
45,436980,78097,hkjhl,gjljhm,7686,fdgdfh,"2024-03-09 12:07:02"
46,3463,3647,sdgh,gsddg,5423,dsgd,"2024-03-09 12:07:02"
47,235,3252,sdgs,sdgr,4334,setwsdfvs,"2024-03-09 12:07:02"
48,235,3252,sdgs,sdgr,4334,setwsdfvs,"2024-03-09 12:07:02"
49,34754,4575,dfht,dgdf,457,fbcv,"2024-03-09 12:07:02"
50,4657965,4655243,dfgjdfh,dfjgfmgn,457646,dfhdf,"2024-03-09 12:07:02"
51,53757,537456,dfhdf,dfhd,457,dfgdfg,"2024-03-09 12:07:02"
52,3423,32532,sdgs,fgsd,344,dgsd,"2024-03-09 12:07:02"
53,45746,345345,dfgdf,dfgdf,5654,fbdfgd,"2024-03-09 12:07:02"
54,7:43,7:30,john,"pistin ring replace",300,jetro,"2024-03-09 12:07:02"
55,4363,3453,sdgd,sdgsd,43634,sdgsd,"2024-03-09 12:07:02"
56,6574,456,fdhd,dfg,456,dfg,"2024-03-09 12:07:02"
57,220,23423,esdad,dfgdf,1231,sadasd,"2024-03-09 12:07:02"
58,23423,35235,sdgsdg,sdgbsds,235342,sdgsdg,"2024-03-09 12:07:02"
59,3235,23523,dsgsg,sdfs,324,dsfsdf,"2024-03-09 12:07:02"
60,2324,4745,dfjgjf,gjfjhf,657,dfdfhjng,"2024-03-09 12:07:02"
61,"Mar 8, 2024","08:47 PM",weq,qwe,325,dsfsd,"2024-03-09 12:07:02"
62,"Mar 9, 2024","01:14 PM",gfhf,fghf,4364,sdgsdg,"2024-03-09 13:16:20"
