id,Check_in,time,Costumer_Name,Service_Rendered,price,Emplooyee_Assigned,created_at
1,2152024,740,troy,naa,100,dave,"2024-03-09 12:06:37"
2,2142024,730,dave,wala,560,troy,"2024-03-09 12:06:37"
9891,2352,23523,dfhf,dfhd,357,dgfdh,"2024-03-09 12:06:37"
9892,1234,54645,dfhdbg,sdgs,2343643,sdvdvs,"2024-03-09 12:06:37"
9893,24643,54745,dffdbd,436,4574,dsd,"2024-03-09 12:06:37"
9894,1234,54645,dfhdbg,sdgs,2343643,sdvdvs,"2024-03-09 12:06:37"
9895,5473,345634,dfhdf,dfgdf,457,fhd,"2024-03-09 12:06:37"
9896,5653,36654,fhdhdf,dfgdfg,4568,dbdfcvb,"2024-03-09 12:06:37"
9897,357,5464,sdgdf,dfgd,456,dfdf,"2024-03-09 12:06:37"
9898,357,5464,sdgdf,dfgd,456,dfdf,"2024-03-09 12:06:37"
9899,3463,3463,sdghfdh,dfgdf,3463,dgsgh,"2024-03-09 12:06:37"
9900,436980,78097,hkjhl,gjljhm,7686,fdgdfh,"2024-03-09 12:06:37"
9901,3463,3647,sdgh,gsddg,5423,dsgd,"2024-03-09 12:06:37"
9902,235,3252,sdgs,sdgr,4334,setwsdfvs,"2024-03-09 12:06:37"
9903,235,3252,sdgs,sdgr,4334,setwsdfvs,"2024-03-09 12:06:37"
9904,34754,4575,dfht,dgdf,457,fbcv,"2024-03-09 12:06:37"
9905,4657965,4655243,dfgjdfh,dfjgfmgn,457646,dfhdf,"2024-03-09 12:06:37"
9906,324,235,dfndfb,sdgf,457,dsgsf,"2024-03-09 12:06:37"
9907,777,888,hhhh,hggg,6666,uuuu,"2024-03-09 12:06:37"
9908,777,888,hhhh,hggg,6666,uuuu,"2024-03-09 12:06:37"
9909,546,456,dfh,dfgd,4357,dfdd,"2024-03-09 12:06:37"
9910,325,325,dsgh,dfg,334,fddf,"2024-03-09 12:06:37"
9911,5734,3453,rdfhf,fdhfd,3463,dfhdf,"2024-03-09 12:06:37"
9912,21412,3423,dssgsd,sdfsd,234,sdfsf,"2024-03-09 12:06:37"
9913,34535,34543,sdgfd,dfhd,4353,dfgd,"2024-03-09 12:06:37"
9914,53757,537456,dfhdf,dfhd,457,dfgdfg,"2024-03-09 12:06:37"
9915,3423,32532,sdgs,fgsd,344,dgsd,"2024-03-09 12:06:37"
9916,45746,345345,dfgdf,dfgdf,5654,fbdfgd,"2024-03-09 12:06:37"
9917,7:43,7:30,john,"pistin ring replace",300,jetro,"2024-03-09 12:06:37"
9918,4363,3453,sdgd,sdgsd,43634,sdgsd,"2024-03-09 12:06:37"
9919,6574,456,fdhd,dfg,456,dfg,"2024-03-09 12:06:37"
9920,220,23423,esdad,dfgdf,1231,sadasd,"2024-03-09 12:06:37"
9921,23423,35235,sdgsdg,sdgbsds,235342,sdgsdg,"2024-03-09 12:06:37"
9922,3235,23523,dsgsg,sdfs,324,dsfsdf,"2024-03-09 12:06:37"
9923,2324,4745,dfjgjf,gjfjhf,657,dfdfhjng,"2024-03-09 12:06:37"
9924,"Mar 8, 2024","08:47 PM",weq,qwe,325,dsfsd,"2024-03-09 12:06:37"
