idongoing_table,ongoing_checkin,ongoing_time,ongoing_name,ongoing_sr,ongoing_price,ongoing_employee,created_at
44,234235,23532,fnt,vbcnd,234,dgbsd,"2024-03-09 12:04:22"
45,234235,23532,fnt,vbcnd,234,dgbsd,"2024-03-09 12:04:22"
46,123,750,phillip,"valve lapping",550,troy,"2024-03-09 12:04:22"
47,4353,344363,dfgdfh,dfhdf,68,dfgf,"2024-03-09 12:04:22"
48,2321,730,efewdgsdgw,esgv,215,rgbdv,"2024-03-09 12:04:22"
49,213,1234,sfqw,safasf,214,sdwad,"2024-03-09 12:04:22"
50,435,7685,sdgd,sdgdg,437,wesdg,"2024-03-09 12:04:22"
51,546,456,dfh,dfgd,4357,dfdd,"2024-03-09 12:04:22"
52,436,357,erdh,dfh,547,sdfs,"2024-03-09 12:04:22"
53,34,234,wqeqw,ewr,342,dsfsd,"2024-03-09 12:04:22"
54,436,32452,sdgbdf,dvsd,436,dssdfs,"2024-03-09 12:04:22"
55,235423,34234,dgdf,dsgs,325,cxbdf,"2024-03-09 12:04:22"
56,324,324,sdvsd,sdvsdd,3253,"sdvsd ","2024-03-09 12:04:22"
57,1241,1241,dsgdv,sdfsd,3432,sdfs,"2024-03-09 12:04:22"
58,2134326,236436,dbdsfb,sdgsd,3463,sdgsb,"2024-03-09 12:04:22"
59,234,234,dsg,dfgdfg,325,dsfes,"2024-03-09 12:04:22"
60,24546,5474,sdbsfb,dfhdg,656,bsfdgs,"2024-03-09 12:04:22"
61,253463,2463,sdgsbfb,dfhd,3574,dfg,"2024-03-09 12:04:22"
62,2342,23423,sdgf,sdfsd,3252,sdvds,"2024-03-09 12:04:22"
63,345,34745,sdfng,dfbngf,457,dfb,"2024-03-09 12:04:22"
64,667,766,dfh,dfg,463,sdgs,"2024-03-09 12:04:22"
65,23423,3242,sdfdsftj,"cbdtjg d",437,"dsvsb ","2024-03-09 12:04:22"
66,346,547,fbdfh,dfg,54745,dgsfgs,"2024-03-09 12:04:22"
67,2315236,23635634,dfhtjgd,sdghdfjd,43578,fdhkryk,"2024-03-09 12:04:22"
68,235,234,rdg,dfd,457,dfgdf,"2024-03-09 12:04:22"
69,2352,23523,dfhf,dfhd,357,dgfdh,"2024-03-09 12:04:22"
70,1234,54645,dfhdbg,sdgs,2343643,sdvdvs,"2024-03-09 12:04:22"
71,24643,54745,dffdbd,436,4574,dsd,"2024-03-09 12:04:22"
72,5473,345634,dfhdf,dfgdf,457,fhd,"2024-03-09 12:04:22"
73,5653,36654,fhdhdf,dfgdfg,4568,dbdfcvb,"2024-03-09 12:04:22"
74,357,5464,sdgdf,dfgd,456,dfdf,"2024-03-09 12:04:22"
75,3463,3463,sdghfdh,dfgdf,3463,dgsgh,"2024-03-09 12:04:22"
76,436980,78097,hkjhl,gjljhm,7686,fdgdfh,"2024-03-09 12:04:22"
77,3463,3647,sdgh,gsddg,5423,dsgd,"2024-03-09 12:04:22"
78,235,3252,sdgs,sdgr,4334,setwsdfvs,"2024-03-09 12:04:22"
79,34754,4575,dfht,dgdf,457,fbcv,"2024-03-09 12:04:22"
80,4657965,4655243,dfgjdfh,dfjgfmgn,457646,dfhdf,"2024-03-09 12:04:22"
81,24323,24636,fdgfdd,dfgdfg,436,sdgs,"2024-03-09 12:04:22"
82,346,437,fgdf,dgd,34,dfgsg,"2024-03-09 12:04:22"
83,324,235,dfndfb,sdgf,457,dsgsf,"2024-03-09 12:04:22"
84,777,888,hhhh,hggg,6666,uuuu,"2024-03-09 12:04:22"
85,546,456,dfh,dfgd,4357,dfdd,"2024-03-09 12:04:22"
86,325,325,dsgh,dfg,334,fddf,"2024-03-09 12:04:22"
87,5734,3453,rdfhf,fdhfd,3463,dfhdf,"2024-03-09 12:04:22"
88,2353,4365346,sdfgdf,dfhdf4,43,dfgfd,"2024-03-09 12:04:22"
89,21412,3423,dssgsd,sdfsd,234,sdfsf,"2024-03-09 12:04:22"
90,34535,34543,sdgfd,dfhd,4353,dfgd,"2024-03-09 12:04:22"
91,53757,537456,dfhdf,dfhd,457,dfgdfg,"2024-03-09 12:04:22"
92,3423,32532,sdgs,fgsd,344,dgsd,"2024-03-09 12:04:22"
93,45746,345345,dfgdf,dfgdf,5654,fbdfgd,"2024-03-09 12:04:22"
94,7:43,7:30,john,"pistin ring replace",300,jetro,"2024-03-09 12:04:22"
95,4363,3453,sdgd,sdgsd,43634,sdgsd,"2024-03-09 12:04:22"
96,6574,456,fdhd,dfg,456,dfg,"2024-03-09 12:04:22"
97,220,23423,esdad,dfgdf,1231,sadasd,"2024-03-09 12:04:22"
98,23423,35235,sdgsdg,sdgbsds,235342,sdgsdg,"2024-03-09 12:04:22"
99,345,456,dhb,dfhdf,546,dfg,"2024-03-09 12:04:22"
100,2342,234,fdgdfv,fdgverv,325,fdgdfg,"2024-03-09 12:04:22"
101,23523,23423,efsdf,sdfsd,325,dsf,"2024-03-09 12:04:22"
102,3523,23523,dsdsg,sdfsdf,2646,xcbdfhj,"2024-03-09 12:04:22"
103,343,352,dsgss,sdgsd,3453,dgsdfs,"2024-03-09 12:04:22"
104,3235,23523,dsgsg,sdfs,324,dsfsdf,"2024-03-09 12:04:22"
105,2324,4745,dfjgjf,gjfjhf,657,dfdfhjng,"2024-03-09 12:04:22"
106,"Mar 8, 2024","08:47 PM",weq,qwe,325,dsfsd,"2024-03-09 12:04:22"
107,"Mar 8, 2024","11:49 PM",gnfg,fhfd,43534,easfad,"2024-03-09 12:04:22"
108,"Mar 9, 2024","01:14 PM",gfhf,fghf,4364,sdgsdg,"2024-03-09 13:16:15"
